document,document,document,document,document,document,document,document,document,document,document,document,document
document,document,document,document,document,document,document,document,document,document,document,document,document
document,document,document,document,document,document,document,document,document,document,document,document,document
document,document,document,document,document,document,document,document,document,document,document,document,document
document,document,document,document,document,document,document,document,document,document,document,document,document
document,document,document,document,document,document,document,document,document,document,document,document,document
document,document,document,document,document,document,document,document,document,document,document,document,document
document,document,document,document,document,document,document,document,document,document,document,document,document
document,document,document,document,document,document,document,document,document,document,document,document,document
document,document,document,document,document,document,document,document,document,document,document,document,document
document,document,document,document,document,document,document,document,document,document,document,document,document
document,document,document,document,document,document,document,document,document,document,document,document,document
document,document,document,document,document,document,document,document,document,document,document,document,document
document,document,document,document,document,document,document,document,document,document,document,document,document
document,document,document,document,document,document,document,document,document,document,document,document,document
document,document,document,document,document,document,document,document,document,document,document,document,document
document,document,document,document,document,document,document,document,document,document,document,document,document
document,document,document,document,document,document,document,document,document,document,document,document,document
document,document,document,document,document,document,document,document,document,document,document,document,document
document,document,document,document,document,document,document,document,document,document,document,document,document
